AgeGroup,Gender,Purchase_Count,Total_Count,Purchase_Rate
18-29,0,2,48,4.166666666666666
18-29,1,2,47,4.25531914893617
30-49,0,47,129,36.434108527131784
30-49,1,44,118,37.28813559322034
50-64,0,17,17,100.0
50-64,1,31,36,86.11111111111111
